{"cameraMode":{"drawMode":0,"name":"Shaded","section":"Shading Mode"},"sceneLighting":true,"audioPlay":false,"sceneViewState":{"m_AlwaysRefresh":false,"showFog":true,"showSkybox":true,"showFlares":true,"showImageEffects":true,"showParticleSystems":true,"showVisualEffectGraphs":true,"m_FxEnabled":true},"in2DMode":false,"pivot":{"x":-40.573951721191409,"y":-294.6908874511719,"z":367.9762268066406},"rotation":{"x":-0.31540969014167788,"y":0.050127189606428149,"z":-0.016504447907209398,"w":-0.9475903511047363},"size":279.5850830078125,"orthographic":false}